{
	"$baseURI": "https://yal.cc/r/20/pixelfont/",
	"$version": "1.0",
	"in-glyphs": [
		" !\\\"#$%&'()*+,-/",
		"0123456789:;<=>?",
		".ABCDEFGHIJKLMNO",
		"PQRSTUVWXYZ[]^_@",
		"`abcdefghijklmno",
		"pqrstuvwxyz{|}~∎",
		"¡¢£¤¥¦§¨ª«¬¯°±²³",
		"´µ¶·¸¹º»¼½¾¿€ÀÁÂ",
		"ÃÄÅÆÇÈÉÊËÌÍÎÏÐÑÒ",
		"ÓÔÕÖ×ØÙÚÛÜÝÞßàáâ",
		"ãäåæçèéêëìíîïðñò",
		"óôõö÷øùúûüýþÿĀāĂ",
		"ăĄąĆćĈĉĊċČčĎďĐđĒ",
		"ēĔĕĖėĘęĚěĜĝĞğĠġĢ",
		"ģĤĥĦħĨĩĪīĬĭĮįİıĴ",
		"ĵĶķĸĹĺĻļĽľĿŀŁłŃń",
		"ŅņŇňŉŊŋŌōŎŏŐőŒœŔ",
		"ŕŖŗŘřŚśŜŝŞşŠšŢţŤ",
		"ťŦŧŨũŪūŬŭŮůŰűŲųŴ",
		"ŵŶŷŸŹźŻżŽžЀЁЂЃЄЅ",
		"ІЇЈЉЊЋЌЍЎЏАБВГДЕ",
		"ЖЗИЙКЛМНОПРСТУФХ",
		"ЦЧШЩЪЫЬЭЮЯабвгде",
		"жзийклмнопрстуфх",
		"цчшщъыьэюяѐёђѓєѕ",
		"іїјљњћќѝўџѠѡѢѣѤѥ",
		"ѦѧѨѩѪѫѬѭѮѯѰѱѲѳѴѵ",
		"ѶѷѸѹѺѻѼѽѾѿҀҁҊҋҌҍ",
		"ҎҏҐґҒғҔҕҖҗҘҙҚқҜҝ",
		"ҞҟҠҡҢңҤҥҦҧҨҩҪҫҬҭ",
		"ҮүҰұҲҳҴҵҶҷҸҹҺһҼҽ",
		"ҾҿӀӁӂӃӄӅӆӇӈӉӊӋӌӍ",
		"ӎӏӐӑӒӓӔӕӖӗӘәӚӛӜӝ",
		"ӞӟӠӡӢӣӤӥӦӧӨөӪӫӬӭ",
		"ӮӯӰӱӲӳӴӵӶӷӸӹӺӻӼӽ",
		"Ӿӿ"
	],
	"glyph-color": "auto",
	"in-kerning": [
		""
	],
	"glyph-width": 14,
	"glyph-height": 14,
	"glyph-ofs-x": 1,
	"glyph-ofs-y": 1,
	"glyph-sep-x": 1,
	"glyph-sep-y": 6,
	"glyph-base-x": 0,
	"glyph-baseline": 11,
	"glyph-spacing": 1,
	"font-is-mono": false,
	"font-em-square": 1024,
	"font-line-gap": 0,
	"font-ascend": 805,
	"font-descend": -279,
	"font-px-size": 73,
	"font-name": "Not Jam Laika 14",
	"font-author": "Not Jam",
	"font-copy": "CC0",
	"font-version": "1.1.1",
	"font-desc": "A 14px font inspired by Soviet era posters",
	"font-license": "CC0",
	"font-license-url": "",
	"font-sample-text": "The quick brown fox jumps over the lazy dog.",
	"font-preview-text": [
		"THE QUICK BROWN FOX JUMPS OVER A LAZY DOG.",
		"the quick brown fox jumps over a lazy dog.",
		"0123456789"
	]
}