{
	"$baseURI": "https://yal.cc/r/20/pixelfont/",
	"$version": "1.0",
	"in-glyphs": [
		" !\\\"#$%&'()*+,-/",
		"0123456789:;<=>?",
		".ABCDEFGHIJKLMNO",
		"PQRSTUVWXYZ[]^_@",
		"`abcdefghijklmno",
		"pqrstuvwxyz{|}~∎",
		"¡¢£¤¥¦§¨ª«¬¯°±²³",
		"´µ¶·¸¹º»¼½¾¿€ÀÁÂ",
		"ÃÄÅÆÇÈÉÊËÌÍÎÏÐÑÒ",
		"ÓÔÕÖ×ØÙÚÛÜÝÞßàáâ",
		"ãäåæçèéêëìíîïðñò",
		"óôõö÷øùúûüýþÿĀāĂ",
		"ăĄąĆćĈĉĊċČčĎďĐđĒ",
		"ēĔĕĖėĘęĚěĜĝĞğĠġĢ",
		"ģĤĥĦħĨĩĪīĬĭĮįİıĴ",
		"ĵĶķĸĹĺĻļĽľĿŀŁłŃń",
		"ŅņŇňŉŊŋŌōŎŏŐőŒœŔ",
		"ŕŖŗŘřŚśŜŝŞşŠšŢţŤ",
		"ťŦŧŨũŪūŬŭŮůŰűŲųŴ",
		"ŵŶŷŸŹźŻżŽž"
	],
	"glyph-color": "auto",
	"in-kerning": [
		""
	],
	"glyph-width": 15,
	"glyph-height": 16,
	"glyph-ofs-x": 1,
	"glyph-ofs-y": 1,
	"glyph-sep-x": 1,
	"glyph-sep-y": 4,
	"glyph-base-x": 0,
	"glyph-baseline": 13,
	"glyph-spacing": 1,
	"font-is-mono": false,
	"font-em-square": 1024,
	"font-line-gap": 0,
	"font-ascend": 832,
	"font-descend": -192,
	"font-px-size": 64,
	"font-name": "Not Jam Glasgow 16",
	"font-author": "Not Jam",
	"font-copy": "CC0",
	"font-version": "1.0.0",
	"font-desc": "A pixel font inspired by the work of Charles Rennie Mackintosh",
	"font-license": "CC0",
	"font-license-url": "",
	"font-sample-text": "The quick brown fox jumps over the lazy dog",
	"font-preview-text": [
		"THE QUICK BROWN FOX JUMPS OVER A LAZY DOG.",
		"the quick brown fox jumps over a lazy dog.",
		"0123456789"
	]
}