{
	"$baseURI": "https://yal.cc/r/20/pixelfont/",
	"$version": "1.0",
	"in-glyphs": [
		" !\\\"#$%&'()*+,-/",
		"0123456789:;<=>?",
		".ABCDEFGHIJKLMNO",
		"PQRSTUVWXYZ[]^_@",
		"`abcdefghijklmno",
		"pqrstuvwxyz{|}~∎",
		"¡¢£¤¥¦§¨ª«¬¯°±²³",
		"´µ¶·¸¹º»¼½¾¿€ÀÁÂ",
		"ÃÄÅÆÇÈÉÊËÌÍÎÏÐÑÒ",
		"ÓÔÕÖ×ØÙÚÛÜÝÞßàáâ",
		"ãäåæçèéêëìíîïðñò",
		"óôõö÷øùúûüýþÿĀāĂ",
		"ăĄąĆćĈĉĊċČčĎďĐđĒ",
		"ēĔĕĖėĘęĚěĜĝĞğĠġĢ",
		"ģĤĥĦħĨĩĪīĬĭĮįİıĴ",
		"ĵĶķĸĹĺĻļĽľĿŀŁłŃń",
		"ŅņŇňŉŊŋŌōŎŏŐőŒœŔ",
		"ŕŖŗŘřŚśŜŝŞşŠšŢţŤ",
		"ťŦŧŨũŪūŬŭŮůŰűŲųŴ",
		"ŵŶŷŸŹźŻżŽž"
	],
	"glyph-color": "auto",
	"in-kerning": [
		"C aceimnorsuvwxz.,- -2",
		"Ć aceimnorsuvwxz.,- -2",
		"Ĉ aceimnorsuvwxz.,- -2",
		"Ċ aceimnorsuvwxz.,- -2",
		"Č aceimnorsuvwxz.,- -2",
		"E acemnorsuvwxz.,- -4",
		"ď acemnorsuvwxz.,- -2",
		"ð acemnorsuvwxz.,- -2",
		"đ acemnorsuvwxz.,- -2",
		"I -3",
		"F acegmnopqrsuvwxyz- -4",
		"F ij -3",
		"L abcdefhiklmnorstuvwxz.,- -6",
		"Ĺ abcdefhiklmnorstuvwxz.,- -6",
		"Ļ abcdefhiklmnorstuvwxz.,- -6",
		"Ľ abcdefhiklmnorstuvwxz.,- -2",
		"N abcdehiklmnorstuvwxz- -6",
		"Ń abcdehiklmnorstuvwxz- -6",
		"Ņ abcdehiklmnorstuvwxz- -6",
		"Ň abcdehiklmnorstuvwxz- -6",
		"P acegmnopqrsuvwxyz -7",
		"T acegmnopqrsuvwxyz.,- -4",
		"T ij -2",
		"Ţ acegmnopqrsuvwxyz.,- -4",
		"Ţ ij -2",
		"Ť acegmnopqrsuvwxyz.,- -4",
		"Ť ij -2",
		"T bhlt -0",
		"X aceimnorstuvwxz.,- -2",
		"Z aceimnorsuvwxz.,- -2",
		"",
		"r f -2",
		""
	],
	"glyph-width": 18,
	"glyph-height": 21,
	"glyph-ofs-x": 1,
	"glyph-ofs-y": 1,
	"glyph-sep-x": 1,
	"glyph-sep-y": 1,
	"glyph-base-x": 0,
	"glyph-baseline": 15,
	"glyph-spacing": 1,
	"font-is-mono": false,
	"font-em-square": 1024,
	"font-line-gap": 0,
	"font-ascend": 731,
	"font-descend": -293,
	"font-px-size": 49,
	"font-name": "Not Jam Signature 21",
	"font-author": "Not Jam",
	"font-copy": "CC0",
	"font-version": "1.0.0",
	"font-desc": "A pixel interpretation of my handwriting :)",
	"font-license": "CC0",
	"font-license-url": "",
	"font-sample-text": "The quick brown fox jumps over the lazy dog.",
	"font-preview-text": [
		"THE QUICK BROWN FOX JUMPS OVER A LAZY DOG.",
		"the quick brown fox jumps over a lazy dog.0",
		"",
		"ďa",
		"Sphinx of Black Quartz",
		"Judge my Vow",
		"",
		"ða",
		"",
		"",
		"SETTING TEXT IN ALL CAPS",
		"IS HONESTLY PRETTY DISTURBING",
		"AND ENTIRELY ILLEGIBLE",
		"BUT IT IS PRETTY FUNNY TO ME",
		"",
		"",
		"Cabbage",
		"X-ray",
		"",
		"",
		"Penis",
		"",
		"",
		"",
		"Not Jam Signature 17",
		"",
		"",
		"I have of late, wherefore I know ",
		"not, lost all my mirth. And indeed it",
		"goes so heavily with my disposition,",
		"this goodly frame the Earth seems to",
		"me but a sterile promentory. This",
		"most excellent canopy, the air - Look ",
		"You! - this brave, o'er hanging",
		"firmament, this majestical roof",
		"fretted with golden fire! Why it",
		"appeareth nothing to me but a foul",
		"and pestilent congregation of vapours!",
		"What a piece of work is a man! How",
		"noble in reason, how infinite in ",
		"faculties, how like an angel in",
		"apprehension How Like A God!",
		"And yet, to me, what is this ",
		"quintessence of dust? Man delights ",
		"not me. No, nor women neither.",
		"Nor women neither."
	]
}